"","V1","V2","V3","V4","V5","V6","V7","V8","V9","V10","V11","V12","V13","V14","V15","V16","V17","V18","V19","V20","V21","V22","V23","V24","V25","V26","V27","V28","V29","V30","V31","V32","V33"
"1","Amisulpride","-0.324(-0.495,-0.149)","-0.344(-0.537,-0.151)","-0.478(-0.678,-0.276)","-0.389(-0.596,-0.183)","-0.29(-0.485,-0.092)","-0.311(-0.694,0.073)","0.161(-0.067,0.389)","-0.311(-0.647,0.022)","-0.49(-0.893,-0.089)","-0.263(-0.407,-0.115)","-0.404(-0.581,-0.227)","-0.705(-1.271,-0.138)","-0.285(-0.52,-0.051)","-0.37(-0.562,-0.181)","-0.321(-0.724,0.073)","-0.175(-0.325,-0.024)","-0.248(-0.43,-0.071)","-0.333(-1.104,0.443)","-0.441(-0.877,-0.002)","-0.17(-0.404,0.061)","-0.432(-0.888,0.026)","-0.734(-0.885,-0.583)","-0.318(-0.485,-0.152)","-0.183(-0.336,-0.032)","-0.338(-0.534,-0.142)","-0.249(-0.661,0.166)","-0.186(-0.499,0.126)","-0.095(-0.468,0.269)","-0.49(-0.809,-0.167)","-0.323(-0.499,-0.148)","-0.124(-0.371,0.12)","-0.224(-0.501,0.053)"
"2","0.324(0.149,0.495)","Aripiprazole","-0.02(-0.173,0.134)","-0.154(-0.316,0.008)","-0.065(-0.23,0.095)","0.034(-0.123,0.194)","0.013(-0.357,0.383)","0.484(0.283,0.687)","0.012(-0.341,0.365)","-0.167(-0.554,0.218)","0.061(-0.044,0.166)","-0.081(-0.224,0.062)","-0.381(-0.945,0.18)","0.039(-0.164,0.244)","-0.046(-0.196,0.105)","0.003(-0.386,0.38)","0.149(0.05,0.248)","0.075(-0.065,0.216)","-0.009(-0.768,0.756)","-0.117(-0.556,0.327)","0.154(-0.051,0.356)","-0.108(-0.549,0.342)","-0.41(-0.506,-0.316)","0.006(-0.117,0.129)","0.14(0.033,0.248)","-0.014(-0.178,0.148)","0.074(-0.324,0.477)","0.137(-0.151,0.428)","0.229(-0.128,0.581)","-0.166(-0.464,0.136)","0(-0.132,0.131)","0.199(-0.028,0.423)","0.1(-0.153,0.352)"
"3","0.344(0.151,0.537)","0.02(-0.134,0.173)","Asenapine","-0.134(-0.319,0.052)","-0.045(-0.235,0.146)","0.054(-0.124,0.236)","0.033(-0.345,0.416)","0.504(0.286,0.726)","0.032(-0.33,0.398)","-0.146(-0.541,0.249)","0.081(-0.055,0.218)","-0.061(-0.228,0.108)","-0.361(-0.922,0.207)","0.059(-0.161,0.278)","-0.026(-0.196,0.149)","0.023(-0.375,0.414)","0.169(0.036,0.3)","0.095(-0.069,0.259)","0.011(-0.746,0.785)","-0.097(-0.547,0.357)","0.174(-0.049,0.396)","-0.088(-0.535,0.365)","-0.39(-0.516,-0.264)","0.026(-0.123,0.176)","0.16(0.021,0.299)","0.006(-0.178,0.192)","0.095(-0.31,0.507)","0.157(-0.143,0.458)","0.249(-0.113,0.607)","-0.146(-0.456,0.167)","0.02(-0.14,0.184)","0.219(-0.026,0.459)","0.12(-0.145,0.387)"
"4","0.478(0.276,0.678)","0.154(-0.008,0.316)","0.134(-0.052,0.319)","Brexpiprazole","0.089(-0.109,0.29)","0.188(0.002,0.377)","0.167(-0.213,0.547)","0.638(0.416,0.867)","0.166(-0.202,0.54)","-0.013(-0.407,0.384)","0.215(0.07,0.364)","0.073(-0.102,0.248)","-0.227(-0.794,0.346)","0.193(-0.035,0.425)","0.108(-0.073,0.29)","0.157(-0.247,0.548)","0.303(0.155,0.45)","0.229(0.058,0.403)","0.145(-0.621,0.915)","0.037(-0.418,0.496)","0.308(0.082,0.537)","0.046(-0.405,0.499)","-0.256(-0.391,-0.121)","0.16(0.006,0.316)","0.294(0.145,0.444)","0.14(-0.053,0.332)","0.228(-0.183,0.646)","0.291(-0.01,0.596)","0.383(0.015,0.752)","-0.012(-0.327,0.306)","0.154(-0.016,0.325)","0.353(0.104,0.601)","0.254(-0.02,0.528)"
"5","0.389(0.183,0.596)","0.065(-0.095,0.23)","0.045(-0.146,0.235)","-0.089(-0.29,0.109)","Cariprazine","0.099(-0.095,0.292)","0.078(-0.308,0.463)","0.549(0.321,0.78)","0.077(-0.29,0.449)","-0.102(-0.507,0.296)","0.126(-0.027,0.28)","-0.016(-0.195,0.167)","-0.316(-0.885,0.254)","0.104(-0.127,0.337)","0.019(-0.167,0.205)","0.068(-0.329,0.463)","0.214(0.06,0.368)","0.14(-0.04,0.321)","0.056(-0.707,0.829)","-0.052(-0.506,0.403)","0.219(-0.01,0.455)","-0.043(-0.497,0.421)","-0.345(-0.49,-0.2)","0.071(-0.096,0.237)","0.205(0.052,0.361)","0.051(-0.148,0.249)","0.139(-0.275,0.557)","0.202(-0.105,0.506)","0.294(-0.077,0.663)","-0.101(-0.421,0.22)","0.065(-0.111,0.242)","0.264(0.012,0.518)","0.165(-0.116,0.443)"
"6","0.29(0.092,0.485)","-0.034(-0.194,0.123)","-0.054(-0.236,0.124)","-0.188(-0.377,-0.002)","-0.099(-0.292,0.095)","Chlorpromazine","-0.021(-0.383,0.34)","0.45(0.249,0.653)","-0.022(-0.383,0.346)","-0.2(-0.585,0.18)","0.027(-0.111,0.163)","-0.115(-0.285,0.053)","-0.415(-0.982,0.152)","0.005(-0.189,0.198)","-0.08(-0.262,0.096)","-0.031(-0.4,0.334)","0.115(-0.029,0.254)","0.041(-0.13,0.209)","-0.043(-0.785,0.701)","-0.151(-0.593,0.298)","0.12(-0.099,0.338)","-0.142(-0.576,0.294)","-0.444(-0.577,-0.315)","-0.028(-0.17,0.112)","0.106(-0.036,0.247)","-0.048(-0.239,0.138)","0.04(-0.344,0.427)","0.103(-0.188,0.391)","0.195(-0.163,0.546)","-0.2(-0.49,0.097)","-0.034(-0.2,0.129)","0.165(-0.065,0.395)","0.066(-0.19,0.318)"
"7","0.311(-0.073,0.694)","-0.013(-0.383,0.357)","-0.033(-0.416,0.345)","-0.167(-0.547,0.213)","-0.078(-0.463,0.308)","0.021(-0.34,0.383)","Clopenthixol","0.472(0.074,0.872)","0(-0.492,0.491)","-0.179(-0.686,0.335)","0.048(-0.312,0.414)","-0.093(-0.464,0.279)","-0.394(-1.047,0.274)","0.026(-0.369,0.421)","-0.058(-0.44,0.321)","-0.01(-0.518,0.489)","0.136(-0.227,0.497)","0.063(-0.309,0.436)","-0.022(-0.844,0.811)","-0.129(-0.685,0.426)","0.141(-0.232,0.511)","-0.12(-0.679,0.437)","-0.423(-0.782,-0.066)","-0.007(-0.37,0.359)","0.128(-0.236,0.49)","-0.027(-0.408,0.352)","0.062(-0.45,0.581)","0.125(-0.322,0.574)","0.216(-0.279,0.7)","-0.179(-0.626,0.267)","-0.012(-0.384,0.356)","0.187(-0.221,0.589)","0.087(-0.334,0.508)"
"8","-0.161(-0.389,0.067)","-0.484(-0.687,-0.283)","-0.504(-0.726,-0.286)","-0.638(-0.867,-0.416)","-0.549(-0.78,-0.321)","-0.45(-0.653,-0.249)","-0.472(-0.872,-0.074)","Clozapine","-0.472(-0.855,-0.09)","-0.651(-1.061,-0.245)","-0.423(-0.603,-0.245)","-0.565(-0.773,-0.359)","-0.865(-1.438,-0.286)","-0.446(-0.702,-0.197)","-0.53(-0.751,-0.312)","-0.481(-0.892,-0.08)","-0.336(-0.522,-0.148)","-0.409(-0.618,-0.197)","-0.493(-1.26,0.278)","-0.601(-1.061,-0.137)","-0.331(-0.588,-0.072)","-0.592(-1.057,-0.123)","-0.894(-1.078,-0.712)","-0.478(-0.672,-0.285)","-0.344(-0.53,-0.159)","-0.498(-0.722,-0.275)","-0.41(-0.835,0.016)","-0.347(-0.668,-0.024)","-0.256(-0.635,0.12)","-0.65(-0.984,-0.316)","-0.484(-0.691,-0.279)","-0.285(-0.538,-0.033)","-0.385(-0.68,-0.092)"
"9","0.311(-0.022,0.647)","-0.012(-0.365,0.341)","-0.032(-0.398,0.33)","-0.166(-0.54,0.202)","-0.077(-0.449,0.29)","0.022(-0.346,0.383)","0(-0.491,0.492)","0.472(0.09,0.855)","Flupentixol","-0.179(-0.683,0.317)","0.049(-0.298,0.39)","-0.093(-0.452,0.265)","-0.393(-1.047,0.25)","0.026(-0.367,0.413)","-0.058(-0.422,0.302)","-0.009(-0.514,0.491)","0.136(-0.208,0.479)","0.063(-0.294,0.417)","-0.022(-0.848,0.813)","-0.129(-0.674,0.413)","0.141(-0.25,0.523)","-0.12(-0.673,0.429)","-0.422(-0.767,-0.081)","-0.006(-0.359,0.342)","0.128(-0.217,0.471)","-0.026(-0.397,0.341)","0.062(-0.455,0.585)","0.125(-0.311,0.56)","0.216(-0.27,0.694)","-0.178(-0.626,0.267)","-0.012(-0.369,0.346)","0.187(-0.205,0.579)","0.087(-0.328,0.503)"
"10","0.49(0.089,0.893)","0.167(-0.218,0.554)","0.146(-0.249,0.541)","0.013(-0.384,0.407)","0.102(-0.296,0.507)","0.2(-0.18,0.585)","0.179(-0.335,0.686)","0.651(0.245,1.061)","0.179(-0.317,0.683)","Fluphenazine","0.227(-0.145,0.604)","0.086(-0.306,0.477)","-0.215(-0.874,0.445)","0.205(-0.203,0.62)","0.121(-0.271,0.52)","0.169(-0.349,0.681)","0.315(-0.065,0.694)","0.242(-0.144,0.633)","0.157(-0.679,0.998)","0.05(-0.516,0.622)","0.32(-0.093,0.733)","0.059(-0.44,0.579)","-0.244(-0.616,0.131)","0.172(-0.203,0.558)","0.307(-0.071,0.686)","0.152(-0.24,0.553)","0.241(-0.291,0.764)","0.304(-0.131,0.742)","0.395(-0.101,0.892)","0(-0.462,0.466)","0.167(-0.218,0.555)","0.366(-0.052,0.787)","0.266(-0.172,0.706)"
"11","0.263(0.115,0.407)","-0.061(-0.166,0.044)","-0.081(-0.218,0.055)","-0.215(-0.364,-0.07)","-0.126(-0.28,0.027)","-0.027(-0.163,0.111)","-0.048(-0.414,0.312)","0.423(0.245,0.603)","-0.049(-0.39,0.298)","-0.227(-0.604,0.145)","Haloperidol","-0.142(-0.254,-0.03)","-0.442(-0.993,0.108)","-0.022(-0.214,0.166)","-0.107(-0.24,0.026)","-0.058(-0.437,0.312)","0.088(0.013,0.162)","0.014(-0.108,0.135)","-0.07(-0.824,0.693)","-0.178(-0.607,0.256)","0.093(-0.098,0.283)","-0.169(-0.599,0.265)","-0.471(-0.536,-0.407)","-0.055(-0.151,0.038)","0.079(0.005,0.154)","-0.075(-0.216,0.066)","0.013(-0.377,0.405)","0.076(-0.202,0.358)","0.168(-0.178,0.509)","-0.227(-0.515,0.06)","-0.061(-0.172,0.052)","0.138(-0.066,0.343)","0.039(-0.202,0.276)"
"12","0.404(0.227,0.581)","0.081(-0.062,0.224)","0.061(-0.108,0.228)","-0.073(-0.248,0.102)","0.016(-0.167,0.195)","0.115(-0.053,0.285)","0.093(-0.279,0.464)","0.565(0.359,0.773)","0.093(-0.265,0.452)","-0.086(-0.477,0.306)","0.142(0.03,0.254)","Iloperidone","-0.3(-0.859,0.262)","0.119(-0.097,0.333)","0.035(-0.129,0.197)","0.084(-0.307,0.47)","0.229(0.107,0.35)","0.156(0.002,0.31)","0.071(-0.682,0.847)","-0.036(-0.481,0.41)","0.234(0.022,0.444)","-0.027(-0.469,0.422)","-0.329(-0.443,-0.217)","0.087(-0.049,0.222)","0.221(0.102,0.342)","0.067(-0.108,0.24)","0.155(-0.251,0.562)","0.218(-0.076,0.515)","0.309(-0.05,0.667)","-0.085(-0.386,0.224)","0.081(-0.062,0.222)","0.28(0.05,0.508)","0.18(-0.078,0.441)"
"13","0.705(0.138,1.271)","0.381(-0.18,0.945)","0.361(-0.207,0.922)","0.227(-0.346,0.794)","0.316(-0.254,0.885)","0.415(-0.152,0.982)","0.394(-0.274,1.047)","0.865(0.286,1.438)","0.393(-0.25,1.047)","0.215(-0.445,0.874)","0.442(-0.108,0.993)","0.3(-0.262,0.859)","Levomepromazin","0.42(-0.154,0.995)","0.335(-0.226,0.897)","0.384(-0.284,1.044)","0.53(-0.024,1.082)","0.456(-0.106,1.016)","0.372(-0.571,1.297)","0.264(-0.439,0.977)","0.535(-0.051,1.117)","0.273(-0.43,0.966)","-0.029(-0.582,0.526)","0.387(-0.176,0.945)","0.521(-0.032,1.072)","0.367(-0.197,0.932)","0.455(-0.226,1.132)","0.518(-0.099,1.136)","0.61(-0.04,1.257)","0.215(-0.403,0.829)","0.381(-0.182,0.939)","0.58(-0.013,1.168)","0.481(-0.119,1.076)"
"14","0.285(0.051,0.52)","-0.039(-0.244,0.164)","-0.059(-0.278,0.161)","-0.193(-0.425,0.035)","-0.104(-0.337,0.127)","-0.005(-0.198,0.189)","-0.026(-0.421,0.369)","0.446(0.197,0.702)","-0.026(-0.413,0.367)","-0.205(-0.62,0.203)","0.022(-0.166,0.214)","-0.119(-0.333,0.097)","-0.42(-0.995,0.154)","Loxapine","-0.085(-0.304,0.135)","-0.036(-0.423,0.348)","0.11(-0.081,0.303)","0.037(-0.175,0.249)","-0.048(-0.813,0.727)","-0.156(-0.617,0.318)","0.115(-0.139,0.376)","-0.147(-0.607,0.326)","-0.449(-0.631,-0.264)","-0.033(-0.227,0.168)","0.102(-0.088,0.298)","-0.053(-0.283,0.179)","0.036(-0.367,0.447)","0.099(-0.208,0.401)","0.19(-0.157,0.535)","-0.205(-0.489,0.086)","-0.039(-0.245,0.173)","0.161(-0.108,0.429)","0.061(-0.231,0.354)"
"15","0.37(0.181,0.562)","0.046(-0.105,0.196)","0.026(-0.149,0.196)","-0.108(-0.29,0.073)","-0.019(-0.205,0.167)","0.08(-0.096,0.262)","0.058(-0.321,0.44)","0.53(0.312,0.751)","0.058(-0.302,0.422)","-0.121(-0.52,0.271)","0.107(-0.026,0.24)","-0.035(-0.197,0.129)","-0.335(-0.897,0.226)","0.085(-0.135,0.304)","Lurasidone","0.049(-0.341,0.436)","0.195(0.065,0.326)","0.121(-0.037,0.278)","0.037(-0.727,0.806)","-0.071(-0.517,0.38)","0.199(-0.018,0.422)","-0.062(-0.509,0.388)","-0.364(-0.484,-0.244)","0.052(-0.087,0.193)","0.186(0.051,0.322)","0.032(-0.151,0.215)","0.12(-0.282,0.526)","0.183(-0.11,0.479)","0.275(-0.09,0.631)","-0.12(-0.43,0.187)","0.046(-0.112,0.206)","0.245(0.01,0.484)","0.145(-0.12,0.407)"
"16","0.321(-0.073,0.724)","-0.003(-0.38,0.386)","-0.023(-0.414,0.375)","-0.157(-0.548,0.247)","-0.068(-0.463,0.329)","0.031(-0.334,0.4)","0.01(-0.489,0.518)","0.481(0.08,0.892)","0.009(-0.491,0.514)","-0.169(-0.681,0.349)","0.058(-0.312,0.437)","-0.084(-0.47,0.307)","-0.384(-1.044,0.284)","0.036(-0.348,0.423)","-0.049(-0.436,0.341)","Molindone","0.146(-0.226,0.527)","0.072(-0.303,0.462)","-0.012(-0.844,0.816)","-0.12(-0.68,0.451)","0.151(-0.256,0.562)","-0.111(-0.664,0.447)","-0.413(-0.782,-0.037)","0.003(-0.37,0.384)","0.137(-0.234,0.516)","-0.017(-0.415,0.386)","0.071(-0.429,0.582)","0.134(-0.316,0.58)","0.226(-0.265,0.725)","-0.169(-0.543,0.211)","-0.003(-0.387,0.384)","0.196(-0.216,0.622)","0.097(-0.335,0.535)"
"17","0.175(0.024,0.325)","-0.149(-0.248,-0.05)","-0.169(-0.3,-0.036)","-0.303(-0.45,-0.155)","-0.214(-0.368,-0.06)","-0.115(-0.254,0.029)","-0.136(-0.497,0.227)","0.336(0.148,0.522)","-0.136(-0.479,0.208)","-0.315(-0.694,0.065)","-0.088(-0.162,-0.013)","-0.229(-0.35,-0.107)","-0.53(-1.082,0.024)","-0.11(-0.303,0.081)","-0.195(-0.326,-0.065)","-0.146(-0.527,0.226)","Olanzapine","-0.073(-0.183,0.036)","-0.158(-0.912,0.604)","-0.265(-0.697,0.174)","0.005(-0.183,0.195)","-0.257(-0.691,0.182)","-0.559(-0.62,-0.497)","-0.143(-0.24,-0.044)","-0.008(-0.087,0.072)","-0.163(-0.306,-0.02)","-0.074(-0.466,0.319)","-0.011(-0.29,0.267)","0.08(-0.265,0.425)","-0.315(-0.604,-0.022)","-0.148(-0.259,-0.037)","0.051(-0.161,0.262)","-0.049(-0.291,0.19)"
"18","0.248(0.071,0.43)","-0.075(-0.216,0.065)","-0.095(-0.259,0.069)","-0.229(-0.403,-0.058)","-0.14(-0.321,0.04)","-0.041(-0.209,0.13)","-0.063(-0.436,0.309)","0.409(0.197,0.618)","-0.063(-0.417,0.294)","-0.242(-0.633,0.144)","-0.014(-0.135,0.108)","-0.156(-0.31,-0.002)","-0.456(-1.016,0.106)","-0.037(-0.249,0.175)","-0.121(-0.278,0.037)","-0.072(-0.462,0.303)","0.073(-0.036,0.183)","Paliperidone","-0.085(-0.836,0.683)","-0.192(-0.638,0.258)","0.078(-0.136,0.295)","-0.183(-0.63,0.269)","-0.485(-0.593,-0.377)","-0.069(-0.203,0.064)","0.065(-0.057,0.19)","-0.089(-0.262,0.084)","-0.001(-0.403,0.405)","0.062(-0.23,0.355)","0.153(-0.204,0.507)","-0.241(-0.547,0.064)","-0.075(-0.223,0.074)","0.124(-0.109,0.357)","0.024(-0.234,0.281)"
"19","0.333(-0.443,1.104)","0.009(-0.756,0.768)","-0.011(-0.785,0.746)","-0.145(-0.915,0.621)","-0.056(-0.829,0.707)","0.043(-0.701,0.785)","0.022(-0.811,0.844)","0.493(-0.278,1.26)","0.022(-0.813,0.848)","-0.157(-0.998,0.679)","0.07(-0.693,0.824)","-0.071(-0.847,0.682)","-0.372(-1.297,0.571)","0.048(-0.727,0.813)","-0.037(-0.806,0.727)","0.012(-0.816,0.844)","0.158(-0.604,0.912)","0.085(-0.683,0.836)","Penfluridol","-0.108(-0.97,0.747)","0.163(-0.614,0.935)","-0.099(-0.966,0.758)","-0.401(-1.162,0.351)","0.015(-0.748,0.768)","0.149(-0.615,0.903)","-0.005(-0.782,0.763)","0.084(-0.747,0.924)","0.146(-0.664,0.94)","0.238(-0.579,1.054)","-0.157(-0.961,0.634)","0.009(-0.761,0.765)","0.208(-0.574,0.979)","0.109(-0.677,0.891)"
"20","0.441(0.002,0.877)","0.117(-0.327,0.556)","0.097(-0.357,0.547)","-0.037(-0.496,0.418)","0.052(-0.403,0.506)","0.151(-0.298,0.593)","0.129(-0.426,0.685)","0.601(0.137,1.061)","0.129(-0.413,0.674)","-0.05(-0.622,0.516)","0.178(-0.256,0.607)","0.036(-0.41,0.481)","-0.264(-0.977,0.439)","0.156(-0.318,0.617)","0.071(-0.38,0.517)","0.12(-0.451,0.68)","0.265(-0.174,0.697)","0.192(-0.258,0.638)","0.108(-0.747,0.97)","Perazine","0.27(-0.205,0.738)","0.009(-0.598,0.626)","-0.293(-0.734,0.136)","0.123(-0.322,0.558)","0.257(-0.182,0.691)","0.103(-0.352,0.559)","0.191(-0.39,0.767)","0.254(-0.258,0.763)","0.346(-0.202,0.901)","-0.049(-0.568,0.469)","0.117(-0.33,0.563)","0.316(-0.095,0.724)","0.216(-0.271,0.707)"
"21","0.17(-0.061,0.404)","-0.154(-0.356,0.051)","-0.174(-0.396,0.049)","-0.308(-0.537,-0.082)","-0.219(-0.455,0.01)","-0.12(-0.338,0.099)","-0.141(-0.511,0.232)","0.331(0.072,0.588)","-0.141(-0.523,0.25)","-0.32(-0.733,0.093)","-0.093(-0.283,0.098)","-0.234(-0.444,-0.022)","-0.535(-1.117,0.051)","-0.115(-0.376,0.139)","-0.199(-0.422,0.018)","-0.151(-0.562,0.256)","-0.005(-0.195,0.183)","-0.078(-0.295,0.136)","-0.163(-0.935,0.614)","-0.27(-0.738,0.205)","Perphenazine","-0.261(-0.731,0.207)","-0.564(-0.752,-0.378)","-0.148(-0.344,0.045)","-0.013(-0.2,0.172)","-0.168(-0.395,0.06)","-0.079(-0.509,0.347)","-0.016(-0.342,0.315)","0.075(-0.318,0.451)","-0.32(-0.66,0.019)","-0.153(-0.354,0.047)","0.046(-0.23,0.32)","-0.054(-0.337,0.231)"
"22","0.432(-0.026,0.888)","0.108(-0.342,0.549)","0.088(-0.365,0.535)","-0.046(-0.499,0.405)","0.043(-0.421,0.497)","0.142(-0.294,0.576)","0.12(-0.437,0.679)","0.592(0.123,1.057)","0.12(-0.429,0.673)","-0.059(-0.579,0.44)","0.169(-0.265,0.599)","0.027(-0.422,0.469)","-0.273(-0.966,0.43)","0.147(-0.326,0.607)","0.062(-0.388,0.509)","0.111(-0.447,0.664)","0.257(-0.182,0.691)","0.183(-0.269,0.63)","0.099(-0.758,0.966)","-0.009(-0.626,0.598)","0.261(-0.207,0.731)","Pimozide","-0.302(-0.739,0.128)","0.114(-0.329,0.551)","0.248(-0.188,0.686)","0.094(-0.36,0.543)","0.182(-0.4,0.76)","0.245(-0.262,0.749)","0.337(-0.214,0.887)","-0.058(-0.568,0.46)","0.108(-0.337,0.552)","0.307(-0.173,0.781)","0.207(-0.279,0.701)"
"23","0.734(0.583,0.885)","0.41(0.316,0.506)","0.39(0.264,0.516)","0.256(0.121,0.391)","0.345(0.2,0.49)","0.444(0.315,0.577)","0.423(0.066,0.782)","0.894(0.712,1.078)","0.422(0.081,0.767)","0.244(-0.131,0.616)","0.471(0.407,0.536)","0.329(0.217,0.443)","0.029(-0.526,0.582)","0.449(0.264,0.631)","0.364(0.244,0.484)","0.413(0.037,0.782)","0.559(0.497,0.62)","0.485(0.377,0.593)","0.401(-0.351,1.162)","0.293(-0.136,0.734)","0.564(0.378,0.752)","0.302(-0.128,0.739)","Placebo","0.416(0.332,0.501)","0.55(0.483,0.619)","0.396(0.257,0.536)","0.484(0.095,0.877)","0.547(0.274,0.824)","0.639(0.295,0.975)","0.244(-0.043,0.532)","0.41(0.304,0.517)","0.609(0.403,0.816)","0.51(0.27,0.75)"
"24","0.318(0.152,0.485)","-0.006(-0.129,0.117)","-0.026(-0.176,0.123)","-0.16(-0.316,-0.006)","-0.071(-0.237,0.096)","0.028(-0.112,0.17)","0.007(-0.359,0.37)","0.478(0.285,0.672)","0.006(-0.342,0.359)","-0.172(-0.558,0.203)","0.055(-0.038,0.151)","-0.087(-0.222,0.049)","-0.387(-0.945,0.176)","0.033(-0.168,0.227)","-0.052(-0.193,0.087)","-0.003(-0.384,0.37)","0.143(0.044,0.24)","0.069(-0.064,0.203)","-0.015(-0.768,0.748)","-0.123(-0.558,0.322)","0.148(-0.045,0.344)","-0.114(-0.551,0.329)","-0.416(-0.501,-0.332)","Quetiapine","0.134(0.037,0.231)","-0.02(-0.18,0.137)","0.068(-0.327,0.464)","0.131(-0.153,0.416)","0.223(-0.127,0.569)","-0.172(-0.467,0.12)","-0.006(-0.133,0.123)","0.193(-0.023,0.415)","0.094(-0.154,0.336)"
"25","0.183(0.032,0.336)","-0.14(-0.248,-0.033)","-0.16(-0.299,-0.021)","-0.294(-0.444,-0.145)","-0.205(-0.361,-0.052)","-0.106(-0.247,0.036)","-0.128(-0.49,0.236)","0.344(0.159,0.53)","-0.128(-0.471,0.217)","-0.307(-0.686,0.071)","-0.079(-0.154,-0.005)","-0.221(-0.342,-0.102)","-0.521(-1.072,0.032)","-0.102(-0.298,0.088)","-0.186(-0.322,-0.051)","-0.137(-0.516,0.234)","0.008(-0.072,0.087)","-0.065(-0.19,0.057)","-0.149(-0.903,0.615)","-0.257(-0.691,0.182)","0.013(-0.172,0.2)","-0.248(-0.686,0.188)","-0.55(-0.619,-0.483)","-0.134(-0.231,-0.037)","Risperidone","-0.154(-0.302,-0.008)","-0.066(-0.456,0.331)","-0.003(-0.283,0.279)","0.089(-0.258,0.433)","-0.306(-0.597,-0.014)","-0.14(-0.252,-0.03)","0.059(-0.155,0.272)","-0.041(-0.278,0.199)"
"26","0.338(0.142,0.534)","0.014(-0.148,0.178)","-0.006(-0.192,0.178)","-0.14(-0.332,0.053)","-0.051(-0.249,0.148)","0.048(-0.138,0.239)","0.027(-0.352,0.408)","0.498(0.275,0.722)","0.026(-0.341,0.397)","-0.152(-0.553,0.24)","0.075(-0.066,0.216)","-0.067(-0.24,0.108)","-0.367(-0.932,0.197)","0.053(-0.179,0.283)","-0.032(-0.215,0.151)","0.017(-0.386,0.415)","0.163(0.02,0.306)","0.089(-0.084,0.262)","0.005(-0.763,0.782)","-0.103(-0.559,0.352)","0.168(-0.06,0.395)","-0.094(-0.543,0.36)","-0.396(-0.536,-0.257)","0.02(-0.137,0.18)","0.154(0.008,0.302)","Sertindole","0.088(-0.325,0.501)","0.151(-0.151,0.456)","0.243(-0.129,0.603)","-0.152(-0.47,0.167)","0.014(-0.159,0.183)","0.213(-0.031,0.453)","0.114(-0.158,0.384)"
"27","0.249(-0.166,0.661)","-0.074(-0.477,0.324)","-0.095(-0.507,0.31)","-0.228(-0.646,0.183)","-0.139(-0.557,0.275)","-0.04(-0.427,0.344)","-0.062(-0.581,0.45)","0.41(-0.016,0.835)","-0.062(-0.585,0.455)","-0.241(-0.764,0.291)","-0.013(-0.405,0.377)","-0.155(-0.562,0.251)","-0.455(-1.132,0.226)","-0.036(-0.447,0.367)","-0.12(-0.526,0.282)","-0.071(-0.582,0.429)","0.074(-0.319,0.466)","0.001(-0.405,0.403)","-0.084(-0.924,0.747)","-0.191(-0.767,0.39)","0.079(-0.347,0.509)","-0.182(-0.76,0.4)","-0.484(-0.877,-0.095)","-0.068(-0.464,0.327)","0.066(-0.331,0.456)","-0.088(-0.501,0.325)","Sulpiride","0.063(-0.351,0.49)","0.154(-0.346,0.65)","-0.24(-0.656,0.181)","-0.074(-0.481,0.33)","0.125(-0.308,0.56)","0.025(-0.43,0.476)"
"28","0.186(-0.126,0.499)","-0.137(-0.428,0.151)","-0.157(-0.458,0.143)","-0.291(-0.596,0.01)","-0.202(-0.506,0.105)","-0.103(-0.391,0.188)","-0.125(-0.574,0.322)","0.347(0.024,0.668)","-0.125(-0.56,0.311)","-0.304(-0.742,0.131)","-0.076(-0.358,0.202)","-0.218(-0.515,0.076)","-0.518(-1.136,0.099)","-0.099(-0.401,0.208)","-0.183(-0.479,0.11)","-0.134(-0.58,0.316)","0.011(-0.267,0.29)","-0.062(-0.355,0.23)","-0.146(-0.94,0.664)","-0.254(-0.763,0.258)","0.016(-0.315,0.342)","-0.245(-0.749,0.262)","-0.547(-0.824,-0.274)","-0.131(-0.416,0.153)","0.003(-0.279,0.283)","-0.151(-0.456,0.151)","-0.063(-0.49,0.351)","Thioridazine","0.091(-0.293,0.475)","-0.303(-0.68,0.073)","-0.137(-0.429,0.151)","0.062(-0.277,0.405)","-0.038(-0.402,0.318)"
"29","0.095(-0.269,0.468)","-0.229(-0.581,0.128)","-0.249(-0.607,0.113)","-0.383(-0.752,-0.015)","-0.294(-0.663,0.077)","-0.195(-0.546,0.163)","-0.216(-0.7,0.279)","0.256(-0.12,0.635)","-0.216(-0.694,0.27)","-0.395(-0.892,0.101)","-0.168(-0.509,0.178)","-0.309(-0.667,0.05)","-0.61(-1.257,0.04)","-0.19(-0.535,0.157)","-0.275(-0.631,0.09)","-0.226(-0.725,0.265)","-0.08(-0.425,0.265)","-0.153(-0.507,0.204)","-0.238(-1.054,0.579)","-0.346(-0.901,0.202)","-0.075(-0.451,0.318)","-0.337(-0.887,0.214)","-0.639(-0.975,-0.295)","-0.223(-0.569,0.127)","-0.089(-0.433,0.258)","-0.243(-0.603,0.129)","-0.154(-0.65,0.346)","-0.091(-0.475,0.293)","Thiothixene","-0.395(-0.826,0.031)","-0.229(-0.583,0.126)","-0.029(-0.424,0.368)","-0.129(-0.543,0.285)"
"30","0.49(0.167,0.809)","0.166(-0.136,0.464)","0.146(-0.167,0.456)","0.012(-0.306,0.327)","0.101(-0.22,0.421)","0.2(-0.097,0.49)","0.179(-0.267,0.626)","0.65(0.316,0.984)","0.178(-0.267,0.626)","0(-0.466,0.462)","0.227(-0.06,0.515)","0.085(-0.224,0.386)","-0.215(-0.829,0.403)","0.205(-0.086,0.489)","0.12(-0.187,0.43)","0.169(-0.211,0.543)","0.315(0.022,0.604)","0.241(-0.064,0.547)","0.157(-0.634,0.961)","0.049(-0.469,0.568)","0.32(-0.019,0.66)","0.058(-0.46,0.568)","-0.244(-0.532,0.043)","0.172(-0.12,0.467)","0.306(0.014,0.597)","0.152(-0.167,0.47)","0.24(-0.181,0.656)","0.303(-0.073,0.68)","0.395(-0.031,0.826)","Trifluoperazine","0.166(-0.136,0.472)","0.365(0.02,0.71)","0.266(-0.101,0.628)"
"31","0.323(0.148,0.499)","0(-0.131,0.132)","-0.02(-0.184,0.14)","-0.154(-0.325,0.016)","-0.065(-0.242,0.111)","0.034(-0.129,0.2)","0.012(-0.356,0.384)","0.484(0.279,0.691)","0.012(-0.346,0.369)","-0.167(-0.555,0.218)","0.061(-0.052,0.172)","-0.081(-0.222,0.062)","-0.381(-0.939,0.182)","0.039(-0.173,0.245)","-0.046(-0.206,0.112)","0.003(-0.384,0.387)","0.148(0.037,0.259)","0.075(-0.074,0.223)","-0.009(-0.765,0.761)","-0.117(-0.563,0.33)","0.153(-0.047,0.354)","-0.108(-0.552,0.337)","-0.41(-0.517,-0.304)","0.006(-0.123,0.133)","0.14(0.03,0.252)","-0.014(-0.183,0.159)","0.074(-0.33,0.481)","0.137(-0.151,0.429)","0.229(-0.126,0.583)","-0.166(-0.472,0.136)","Ziprasidone","0.199(-0.03,0.428)","0.099(-0.157,0.351)"
"32","0.124(-0.12,0.371)","-0.199(-0.423,0.028)","-0.219(-0.459,0.026)","-0.353(-0.601,-0.104)","-0.264(-0.518,-0.012)","-0.165(-0.395,0.065)","-0.187(-0.589,0.221)","0.285(0.033,0.538)","-0.187(-0.579,0.205)","-0.366(-0.787,0.052)","-0.138(-0.343,0.066)","-0.28(-0.508,-0.05)","-0.58(-1.168,0.013)","-0.161(-0.429,0.108)","-0.245(-0.484,-0.01)","-0.196(-0.622,0.216)","-0.051(-0.262,0.161)","-0.124(-0.357,0.109)","-0.208(-0.979,0.574)","-0.316(-0.724,0.095)","-0.046(-0.32,0.23)","-0.307(-0.781,0.173)","-0.609(-0.816,-0.403)","-0.193(-0.415,0.023)","-0.059(-0.272,0.155)","-0.213(-0.453,0.031)","-0.125(-0.56,0.308)","-0.062(-0.405,0.277)","0.029(-0.368,0.424)","-0.365(-0.71,-0.02)","-0.199(-0.428,0.03)","Zotepine","-0.1(-0.409,0.206)"
"33","0.224(-0.053,0.501)","-0.1(-0.352,0.153)","-0.12(-0.387,0.145)","-0.254(-0.528,0.02)","-0.165(-0.443,0.116)","-0.066(-0.318,0.19)","-0.087(-0.508,0.334)","0.385(0.092,0.68)","-0.087(-0.503,0.328)","-0.266(-0.706,0.172)","-0.039(-0.276,0.202)","-0.18(-0.441,0.078)","-0.481(-1.076,0.119)","-0.061(-0.354,0.231)","-0.145(-0.407,0.12)","-0.097(-0.535,0.335)","0.049(-0.19,0.291)","-0.024(-0.281,0.234)","-0.109(-0.891,0.677)","-0.216(-0.707,0.271)","0.054(-0.231,0.337)","-0.207(-0.701,0.279)","-0.51(-0.75,-0.27)","-0.094(-0.336,0.154)","0.041(-0.199,0.278)","-0.114(-0.384,0.158)","-0.025(-0.476,0.43)","0.038(-0.318,0.402)","0.129(-0.285,0.543)","-0.266(-0.628,0.101)","-0.099(-0.351,0.157)","0.1(-0.206,0.409)","Zuclopenthixol"
